"Name","State","User","Tags","Created","Runtime","Sweep","Hostname","activation","batch-size","epochs","kernels","layers","lr","test_loss.n3","test_loss.n6","train_loss","epoch"
"expert-sweep-67","finished","","no-noise","2025-01-08T23:57:38.000Z","133","88wspuee","vili","relu","205","20","52","6","0.025392464681994235","0.00002483096090145409","0.000020634295942727477","0.0038536018691957","19"
"vibrant-sweep-66","finished","","","2025-01-08T23:55:45.000Z","105","88wspuee","vili","relu","131","20","62","4","0.00838931960632254","0.00003358769560387979","0.00003361847950145602","0.003736434038728475","19"
"spring-sweep-65","finished","","no-outliers","2025-01-08T23:53:22.000Z","139","88wspuee","vili","relu","182","20","98","3","0.001462187521098712","0.000008538694819435477","0.0000081032777664595","0.0011508202878758311","19"
"helpful-sweep-64","finished","","","2025-01-08T23:52:35.000Z","39","88wspuee","vili","relu","205","20","74","1","0.04111550934292959","0.0000068925840120452145","0.000006134413415566087","0.001354504842311144","19"
"fearless-sweep-63","finished","","no-noise, no-outliers","2025-01-08T23:47:32.000Z","296","88wspuee","vili","relu","37","20","88","7","0.09033194884770604","0.000026886138900105532","0.000016928948193358687","0.000536702515091747","19"
"sweepy-sweep-62","finished","","no-outliers","2025-01-08T23:46:41.000Z","44","88wspuee","vili","tanh","253","20","15","6","0.06608880347699875","0.00001689100832057496","0.0000158922656609699","0.0027876743115484715","19"
"vague-sweep-61","finished","","no-outliers","2025-01-08T23:45:03.000Z","92","88wspuee","vili","tanh","146","20","53","4","0.06800385364914274","0.000010905508048987637","0.000011076168583295942","0.001382765593007207","19"
"cerulean-sweep-60","finished","","no-outliers","2025-01-08T23:43:35.000Z","83","88wspuee","vili","relu","220","20","89","2","0.035738217265316","0.000009151966175219663","0.00000812878538249184","0.001511497888714075","19"
"fresh-sweep-59","finished","","no-noise, no-outliers","2025-01-08T23:39:40.000Z","228","88wspuee","vili","relu","66","20","87","6","0.011091492474430432","0.00006513886561151594","0.00004629725627403518","0.0027136250864714384","19"
"worthy-sweep-58","finished","","no-outliers","2025-01-08T23:39:09.000Z","22","88wspuee","vili","relu","159","20","6","4","0.09282863000165628","0.000012220215770260742","0.000010499394275198645","0.0013984220568090675","19"
"grateful-sweep-57","finished","","no-outliers, weird","2025-01-08T23:34:16.000Z","288","88wspuee","vili","tanh","175","20","86","7","0.05745367653547809","0.00029662711235384144","0.00035832699793403284","0.05560847744345665","19"
"astral-sweep-56","finished","","","2025-01-08T23:33:45.000Z","26","88wspuee","vili","tanh","232","20","5","6","0.05967156900987303","0.000024800591248398026","0.000027917461120523513","0.004230109509080648","19"
"hopeful-sweep-55","finished","","no-noise, no-outliers, weird","2025-01-08T23:32:28.000Z","69","88wspuee","vili","tanh","248","20","40","4","0.06803551462669491","0.00021160793180267015","0.00026947762372481096","0.053001902997493744","19"
"ethereal-sweep-54","finished","","","2025-01-08T23:31:42.000Z","39","88wspuee","vili","tanh","155","20","34","2","0.014417998688728293","0.000007581716539183011","0.000007766985363559798","0.001169953146018088","19"
"wobbly-sweep-53","finished","","no-outliers","2025-01-08T23:30:29.000Z","65","88wspuee","vili","tanh","157","20","32","5","0.004808798776939506","0.00004461791832000017","0.000039865806901367966","0.004795090761035681","19"
"denim-sweep-52","finished","","no-noise","2025-01-08T23:28:26.000Z","117","88wspuee","vili","relu","90","20","54","5","0.03269703819491068","0.00003652700902118037","0.00002260318899061531","0.002310394076630473","19"
"crisp-sweep-51","finished","","no-outliers","2025-01-08T23:27:55.000Z","23","88wspuee","vili","relu","210","20","9","3","0.004545803091580304","0.000006359109829645604","0.000005944466325812615","0.0010941793443635106","19"
"olive-sweep-50","finished","","no-noise, no-outliers","2025-01-08T23:27:03.000Z","45","88wspuee","vili","relu","213","20","22","4","0.04157683432937727","0.00001638706831727177","0.000015594527762709308","0.0025483197532594204","19"
"hopeful-sweep-49","finished","","no-outliers, weird","2025-01-08T23:26:27.000Z","31","88wspuee","vili","relu","228","20","22","2","0.09914024316363622","0.0002553792235751947","0.00029007574686637294","0.05487307533621788","19"
"treasured-sweep-48","finished","","","2025-01-08T23:22:05.000Z","254","88wspuee","vili","relu","145","20","96","6","0.017797709108619157","0.00002623503988919159","0.000014806105755269529","0.0025521647185087204","19"
"genial-sweep-47","finished","","no-noise, weird","2025-01-08T23:19:37.000Z","144","88wspuee","vili","tanh","81","20","75","4","0.07939140098663447","0.0006352097634226084","0.0006726692151278257","0.04820184409618378","19"
"true-sweep-46","finished","","","2025-01-08T23:18:35.000Z","56","88wspuee","vili","relu","49","20","29","4","0.08089088536970274","0.000025554053427185862","0.00002230621728813276","0.0010312657104805112","19"
"northern-sweep-45","finished","","no-noise, no-outliers","2025-01-08T23:17:13.000Z","74","88wspuee","vili","relu","69","20","77","2","0.051140691693247656","0.000022438455780502408","0.00001591044706317154","0.000651292153634131","19"
"earnest-sweep-44","finished","","no-noise, no-outliers, weird","2025-01-08T23:14:34.000Z","152","88wspuee","vili","tanh","164","20","86","4","0.08207280285139056","0.00033944131185611087","0.0003554921211867497","0.05478819832205773","19"
"glorious-sweep-43","finished","","weird","2025-01-08T23:11:44.000Z","161","88wspuee","vili","relu","38","20","50","7","0.09293895982480274","0.0013534116744995117","0.0014888676162809133","0.0589217022061348","19"
"cerulean-sweep-42","finished","","no-noise, no-outliers","2025-01-08T23:10:17.000Z","79","88wspuee","vili","tanh","75","20","49","3","0.05970094073507524","0.000015351958233319843","0.000010008754721899524","0.0005904969293624163","19"
"dutiful-sweep-41","finished","","no-outliers","2025-01-08T23:09:15.000Z","55","88wspuee","vili","tanh","240","20","37","3","0.0532813466202985","0.000013978922894845409","0.000014716075654252773","0.0019815408159047365","19"
"prime-sweep-40","finished","","no-outliers","2025-01-08T23:08:24.000Z","42","88wspuee","vili","tanh","130","20","42","2","0.05295825955431249","0.00001245661114808172","0.000010238484688231656","0.001145190792158246","19"
"good-sweep-39","finished","","no-noise","2025-01-08T23:07:22.000Z","57","88wspuee","vili","relu","144","20","22","5","0.04017009355712203","0.0000237834028666839","0.000020504573185462505","0.00254961964674294","19"
"sparkling-sweep-38","finished","","","2025-01-08T23:06:25.000Z","51","88wspuee","vili","tanh","132","20","47","2","0.035441117310922345","0.00001843550669339796","0.000022123873641248793","0.0015600514598190784","19"
"magic-sweep-37","finished","","no-outliers","2025-01-08T23:04:32.000Z","107","88wspuee","vili","tanh","241","20","73","3","0.009917311899958776","0.000016396361170336606","0.000020502037269900742","0.004322162363678217","19"
"light-sweep-36","finished","","no-noise","2025-01-08T23:03:10.000Z","75","88wspuee","vili","relu","112","20","51","2","0.016540150380690014","0.000010084814566653224","0.000008078997561824508","0.0008847973658703268","19"
"treasured-sweep-35","finished","","","2025-01-08T23:02:29.000Z","33","88wspuee","vili","relu","129","20","62","1","0.05932714841740102","0.00006929100258275867","0.00007885501603595913","0.009082150645554066","19"
"mild-sweep-34","finished","","no-outliers","2025-01-08T22:59:35.000Z","166","88wspuee","vili","tanh","211","20","52","7","0.02339706797396582","0.0000204358872724697","0.000019577595551031334","0.003212227486073971","19"
"devoted-sweep-35","finished","","no-noise, no-outliers","2025-01-08T22:58:33.000Z","56","88wspuee","vili","relu","44","20","22","5","0.040747011078232254","0.00003762296924833208","0.00002706686000213699","0.0010675956727936864","19"
"robust-sweep-34","finished","","","2025-01-08T22:57:52.000Z","32","88wspuee","vili","tanh","224","20","10","5","0.03719106044936595","0.000005252041931574543","0.000004689167471951805","0.0008955607190728188","19"
"morning-sweep-33","finished","","no-noise, no-outliers","2025-01-08T22:53:00.000Z","284","88wspuee","vili","relu","46","20","87","7","0.050409627009724976","0.000023552098573418333","0.000015756475293900157","0.0006196818430908024","19"
"honest-sweep-32","finished","","no-noise","2025-01-08T22:51:32.000Z","79","88wspuee","vili","tanh","183","20","42","4","0.05859642111314752","0.000012668847339227796","0.000010036350431619212","0.0015074284747242928","19"
"lyric-sweep-31","finished","","","2025-01-08T22:51:12.000Z","16","88wspuee","vili","relu","210","20","4","2","0.07677697319707255","0.000015625918555694323","0.00001774766598828137","0.004936445504426956","19"
"polished-sweep-30","finished","","no-noise, no-outliers","2025-01-08T22:50:25.000Z","39","88wspuee","vili","relu","196","20","10","6","0.033557327637251215","0.000013852048238428933","0.000007928127826831306","0.0011548331240192056","19"
"feasible-sweep-29","finished","","no-outliers","2025-01-08T22:48:48.000Z","90","88wspuee","vili","relu","76","20","52","4","0.08529090857346874","0.000015355611297612388","0.000012170281156215727","0.0010705322492867708","19"
"solar-sweep-28","finished","","no-noise","2025-01-08T22:46:08.000Z","151","88wspuee","vili","tanh","45","20","71","4","0.02915768870181467","0.00004021866906744739","0.000029760854813503103","0.0012171462876722217","19"
"splendid-sweep-27","finished","","no-noise","2025-01-08T22:45:17.000Z","46","88wspuee","vili","relu","47","20","42","2","0.017462322321287166","0.0000294580547294269","0.00002337766818527598","0.0005090282065793872","19"
"worthy-sweep-26","finished","","no-noise, no-outliers","2025-01-08T22:42:43.000Z","147","88wspuee","vili","relu","231","20","67","5","0.009688081770747065","0.000008299844921566546","0.000005590322116187302","0.0012401646235957742","19"
"distinctive-sweep-25","finished","","no-noise","2025-01-08T22:42:07.000Z","31","88wspuee","vili","tanh","80","20","50","1","0.09383672562701424","0.000035196447861380875","0.000030877570097800344","0.002186489524319768","19"
"lunar-sweep-24","finished","","no-noise","2025-01-08T22:41:36.000Z","25","88wspuee","vili","tanh","40","20","21","1","0.08769235807471587","0.00003110914515370193","0.000022466349619207904","0.0011199871078133583","19"
"playful-sweep-23","finished","","no-outliers","2025-01-08T22:41:05.000Z","27","88wspuee","vili","tanh","229","20","13","3","0.05193690019794703","0.000006246149423532188","0.000005848479268217672","0.0009478740976192056","19"
"stellar-sweep-22","finished","","no-noise, no-outliers","2025-01-08T22:39:02.000Z","117","88wspuee","vili","tanh","120","20","38","7","0.09613510151424966","0.00003164948041861256","0.00002574645704157473","0.002837659092620015","19"
"fluent-sweep-21","finished","","weird","2025-01-08T22:37:04.000Z","113","88wspuee","vili","tanh","233","20","80","3","0.03617391322180883","0.0002502708664784829","0.00027608369942754506","0.05354439467191696","19"
"noble-sweep-20","finished","","no-noise, no-outliers","2025-01-08T22:34:09.000Z","169","88wspuee","vili","tanh","242","20","74","5","0.06789472073656204","0.000017133792086193957","0.00002025352977463279","0.003420194610953331","19"
"misty-sweep-19","finished","","no-noise, no-outliers, weird","2025-01-08T22:33:38.000Z","25","88wspuee","vili","tanh","55","20","31","1","0.03643963380933943","0.0009317774853358666","0.0009945637993613351","0.05372385308146477","19"
"giddy-sweep-18","finished","","no-outliers","2025-01-08T22:29:32.000Z","242","88wspuee","vili","relu","147","20","78","7","0.041964790442595566","0.000041802667158966266","0.00003317579693736543","0.00449146144092083","19"
"royal-sweep-17","finished","","no-noise","2025-01-08T22:27:50.000Z","94","88wspuee","vili","relu","33","20","38","5","0.04938893330803618","0.00002915807000438993","0.00002099249541060999","0.0007831233087927103","19"
"earthy-sweep-16","finished","","no-noise, no-outliers","2025-01-08T22:26:38.000Z","66","88wspuee","vili","relu","227","20","70","2","0.043371241490874846","0.000008846334045908103","0.000006622940842902155","0.001317701768130064","19"
"earnest-sweep-15","finished","","no-outliers","2025-01-08T22:24:45.000Z","104","88wspuee","vili","relu","230","20","44","6","0.001266480052264224","0.0000057400678633712235","0.000004698925442247594","0.000921538274269551","19"
"ancient-sweep-14","finished","","no-outliers","2025-01-08T22:22:41.000Z","119","88wspuee","vili","relu","155","20","91","3","0.04842698774118486","0.0000138165894895792","0.000010591862780049404","0.0017649513902142644","19"
"twilight-sweep-13","finished","","no-outliers, weird","2025-01-08T22:19:47.000Z","167","88wspuee","vili","relu","78","20","93","4","0.08499417184270967","0.0006794709526002407","0.0007214906133849678","0.056727517396211624","19"
"dainty-sweep-12","finished","","no-noise, no-outliers","2025-01-08T22:16:47.000Z","175","88wspuee","vili","tanh","105","20","79","5","0.053855295677080445","0.00001971157209482044","0.000015310546944031506","0.0010998129146173596","19"
"feasible-sweep-11","finished","","","2025-01-08T22:16:27.000Z","16","88wspuee","vili","tanh","194","20","1","2","0.08956666500330523","0.000022742857496875027","0.000027285970863886176","0.0016793867107480764","19"
"proud-sweep-10","finished","","no-noise, no-outliers","2025-01-08T22:15:09.000Z","73","88wspuee","vili","relu","216","20","41","4","0.004655581233863662","0.000005569538528410097","0.000003869519309592816","0.0007067505503073335","19"
"stoic-sweep-8","finished","","no-noise, no-outliers","2025-01-08T22:11:53.000Z","91","88wspuee","vili","tanh","153","20","66","3","0.07337043914841003","0.000017761994192066294","0.000014147685102090754","0.0020693065598607063","19"
"treasured-sweep-7","finished","","no-noise, no-outliers, weird","2025-01-08T22:03:40.000Z","298","88wspuee","vili","tanh","101","20","93","7","0.06257394309932578","0.0005080095243950685","0.0005675313515040223","0.05535772815346718","19"
"misunderstood-sweep-6","finished","","","2025-01-08T22:03:09.000Z","24","88wspuee","vili","relu","157","20","29","1","0.0931140833348091","0.000015696636789167922","0.000016525314276805147","0.0024696930777281523","19"
"whole-sweep-5","finished","","no-noise, no-outliers","2025-01-08T22:02:33.000Z","28","88wspuee","vili","tanh","73","20","2","5","0.014323056138586553","0.000018881756307867663","0.000014105994212354684","0.0008313351427204907","19"
"glad-sweep-4","finished","","no-outliers","2025-01-08T22:00:45.000Z","100","88wspuee","vili","relu","179","20","76","3","0.08990624665760298","0.00017584899595628182","0.0001866559075581933","0.030761368572711945","19"
"cool-sweep-3","finished","","no-noise, no-outliers","2025-01-08T22:00:14.000Z","26","88wspuee","vili","tanh","53","20","5","2","0.06174956434205012","0.000021491250129959857","0.000013318606522625969","0.0011908025480806828","19"
"happy-sweep-2","finished","","no-noise, no-outliers, weird","2025-01-08T21:59:02.000Z","65","88wspuee","vili","relu","253","20","36","4","0.06161805237965307","0.0002117557389040788","0.00021265640321239552","0.0545162633061409","19"
"still-sweep-133","crashed","","no-noise","2025-01-08T15:11:52.000Z","1246","jp7d1e9a","vili","tanh","141","20","92","2","0.04214346644659198","0.00015260650465885798","0.00014947067480534316","0.009274594485759737","19"
"zany-sweep-132","finished","","no-noise, no-outliers","2025-01-08T15:09:54.000Z","109","jp7d1e9a","vili","tanh","185","20","56","4","0.0923920186727979","0.0000077301809991089","0.0000067455059507817265","0.0007125575793907046","19"
"royal-sweep-131","finished","","no-outliers","2025-01-08T15:05:58.000Z","227","jp7d1e9a","vili","relu","173","20","98","5","0.005286454535170069","0.000034794290938104194","0.000037335828366622686","0.004489246755838394","19"
"hopeful-sweep-130","finished","","","2025-01-08T15:03:55.000Z","116","jp7d1e9a","vili","tanh","59","20","77","3","0.017877616835278578","0.00001986089104320854","0.000017959055039682425","0.001089782454073429","19"
"lucky-sweep-129","finished","","no-outliers","2025-01-08T15:03:18.000Z","31","jp7d1e9a","vili","relu","64","20","24","2","0.05335384300203376","0.000018531771541650717","0.000015240234637198183","0.0011267053196206689","19"
"genial-sweep-128","finished","","no-outliers","2025-01-08T15:02:01.000Z","73","jp7d1e9a","vili","relu","56","20","38","4","0.03443018635941012","0.00006185443218176563","0.00003804759010030278","0.002295625163242221","19"
"earnest-sweep-127","finished","","weird","2025-01-08T15:00:44.000Z","69","jp7d1e9a","vili","relu","165","20","71","2","0.09027774296214634","0.0002740981181462606","0.0002462593605741858","0.05282094329595566","19"
"fiery-sweep-126","finished","","no-noise, no-outliers","2025-01-08T14:59:07.000Z","88","jp7d1e9a","vili","relu","213","20","54","4","0.07124654223061071","0.000013623297757779558","0.000010999868530038971","0.001781438128091395","19"
"smooth-sweep-125","finished","","","2025-01-08T14:57:03.000Z","115","jp7d1e9a","vili","relu","125","20","50","5","0.02000620822826667","0.000031487570183041195","0.00003045872232178226","0.0028294059447944164","19"
"chocolate-sweep-124","finished","","no-outliers","2025-01-08T14:55:51.000Z","65","jp7d1e9a","vili","relu","203","20","25","6","0.0023691783722428372","0.0001275661587715149","0.00015285501963105695","0.024762321263551712","19"
"ruby-sweep-123","finished","","no-noise, weird","2025-01-08T14:50:18.000Z","328","jp7d1e9a","vili","relu","248","20","98","7","0.05870193519227827","0.0002115813239167134","0.0002712617302313447","0.053099196404218674","19"
"wild-sweep-122","finished","","","2025-01-08T14:49:42.000Z","28","jp7d1e9a","vili","relu","139","20","3","7","0.0009195434687095512","0.00002279593686883648","0.000023159025877248494","0.0023820926435291767","19"
"avid-sweep-121","finished","","","2025-01-08T14:46:06.000Z","209","jp7d1e9a","vili","relu","227","20","73","6","0.0696281117606066","0.00016140980025132498","0.00016285643447190524","0.03081013634800911","19"
"still-sweep-120","finished","","no-noise","2025-01-08T14:43:53.000Z","126","jp7d1e9a","vili","tanh","124","20","66","4","0.009884028948521252","0.000007099692932873344","0.00000485655265947571","0.0006403785664588213","19"
"magic-sweep-119","finished","","no-outliers, weird","2025-01-08T14:41:44.000Z","120","jp7d1e9a","vili","tanh","241","20","63","5","0.06010914677845743","0.0002117128452907006","0.00028904439481247006","0.054328553378582","19"
"ethereal-sweep-118","finished","","no-outliers, weird","2025-01-08T14:41:08.000Z","29","jp7d1e9a","vili","tanh","60","20","19","2","0.09009041403385266","0.000846917824819684","0.0009386515200375244","0.05770100653171539","19"
"dry-sweep-117","finished","","no-noise, no-outliers","2025-01-08T14:36:46.000Z","256","jp7d1e9a","vili","relu","212","20","93","6","0.010783952552507432","0.000007105355519646158","0.0000058853611552628346","0.0010386848589405415","19"
"eager-sweep-116","finished","","no-noise","2025-01-08T14:33:56.000Z","163","jp7d1e9a","vili","tanh","157","20","86","4","0.054077817178856166","0.00001645308162551373","0.000014513806090690196","0.0022157898638397455","19"
"spring-sweep-115","finished","","","2025-01-08T14:29:29.000Z","259","jp7d1e9a","vili","relu","56","20","92","6","0.014477401826576308","0.000017040651534140732","0.000015307937283068895","0.0006166924722492695","19"
"resilient-sweep-114","finished","","no-noise","2025-01-08T14:28:02.000Z","82","jp7d1e9a","vili","tanh","82","20","61","3","0.0263891943693762","0.000018708347245895613","0.00001382455782731995","0.0015252670273184776","19"
"neat-sweep-113","finished","","no-outliers","2025-01-08T14:25:18.000Z","158","jp7d1e9a","vili","relu","175","20","69","5","0.08882520123566405","0.000007424255503186335","0.000007827665264019125","0.0007847598171792924","19"
"deep-sweep-112","finished","","no-noise, no-outliers, weird","2025-01-08T14:23:55.000Z","74","jp7d1e9a","vili","relu","76","20","80","2","0.08864664631660722","0.0006784562642375628","0.0007090523384452182","0.050579238682985306","19"
"ruby-sweep-111","finished","","","2025-01-08T14:22:33.000Z","74","jp7d1e9a","vili","relu","180","20","73","2","0.08129592451563694","0.000008055587920049826","0.000007419205649057403","0.0011706969235092402","19"
"olive-sweep-110","finished","","no-outliers, weird","2025-01-08T14:21:26.000Z","62","jp7d1e9a","vili","relu","206","20","66","2","0.049527861623087734","0.0002541622209052245","0.00028912932550243106","0.056918442249298096","19"
"deft-sweep-109","finished","","","2025-01-08T14:19:58.000Z","81","jp7d1e9a","vili","relu","245","20","30","6","0.026640326940771283","0.00002088751915531854","0.000025596694322302937","0.004025847651064396","19"
"bright-sweep-108","finished","","no-outliers","2025-01-08T14:15:51.000Z","239","jp7d1e9a","vili","tanh","87","20","73","7","0.05053786514523406","0.00006409261375665665","0.00006101488886741966","0.003646346041932702","19"
"fiery-sweep-107","finished","","","2025-01-08T14:15:21.000Z","24","jp7d1e9a","vili","relu","113","20","2","3","0.009121251001603615","0.00002101525897160173","0.000022691162303090096","0.0018107498763129115","19"
"electric-sweep-106","finished","","no-outliers","2025-01-08T14:14:29.000Z","42","jp7d1e9a","vili","relu","201","20","37","1","0.007873703163491163","0.000007678639279523244","0.000006390801588918233","0.0011997667606920004","19"
"restful-sweep-105","finished","","no-outliers","2025-01-08T14:12:30.000Z","111","jp7d1e9a","vili","relu","142","20","46","6","0.08152065870057575","0.000019877152905489007","0.000017186019394240423","0.001957930624485016","19"
"lucky-sweep-104","finished","","no-outliers","2025-01-08T14:08:29.000Z","237","jp7d1e9a","vili","relu","217","20","96","6","0.044265803849150846","0.000017827689686479667","0.000015618120856207625","0.0024337449576705694","19"
"dainty-sweep-103","finished","","","2025-01-08T14:07:02.000Z","80","jp7d1e9a","vili","tanh","169","20","63","3","0.028377918889077463","0.00001363628505108257","0.000012107383663533256","0.0011432325700297952","19"
"upbeat-sweep-102","finished","","no-outliers","2025-01-08T14:02:50.000Z","245","jp7d1e9a","vili","tanh","53","20","69","7","0.06630883715032268","0.00005135843336271743","0.00004757096927948987","0.0013632038608193398","19"
"zany-sweep-101","finished","","no-noise","2025-01-08T14:01:58.000Z","45","jp7d1e9a","vili","relu","159","20","91","1","0.03224682111827586","0.000011598137207329274","0.000009549520182190463","0.0012391823111101985","19"
"olive-sweep-100","finished","","no-noise, no-outliers","2025-01-08T13:58:59.000Z","170","jp7d1e9a","vili","tanh","135","20","75","5","0.07595991516639702","0.00001648814824875444","0.000010337229275863507","0.0015784865245223043","19"
"likely-sweep-99","finished","","no-noise, no-outliers","2025-01-08T13:57:31.000Z","79","jp7d1e9a","vili","relu","215","20","31","6","0.0905359380451517","0.00006088496573890249","0.000059114340495130426","0.010314930230379105","19"
"vibrant-sweep-98","finished","","no-noise","2025-01-08T13:56:14.000Z","73","jp7d1e9a","vili","relu","175","20","26","6","0.0332607455729021","0.000027305589367945988","0.000025258628884330392","0.0033351690508425236","19"
"rural-sweep-97","finished","","no-noise","2025-01-08T13:54:26.000Z","101","jp7d1e9a","vili","relu","227","20","39","6","0.017026622632396994","0.00001874317259838184","0.000011928061721846462","0.0029138904064893723","19"
"northern-sweep-96","finished","","","2025-01-08T13:53:55.000Z","27","jp7d1e9a","vili","relu","65","20","34","1","0.0058951203244144166","0.000042095990502275526","0.00004320705804275349","0.003353805746883154","19"
"silver-sweep-95","finished","","no-noise","2025-01-08T13:52:54.000Z","52","jp7d1e9a","vili","tanh","60","20","25","4","0.07834773473775516","0.00015740103709201015","0.0001497623766772449","0.008327285759150982","19"
"revived-sweep-94","finished","","","2025-01-08T13:52:02.000Z","45","jp7d1e9a","vili","tanh","68","20","93","1","0.05879218072645811","0.00003827875596471131","0.0000351687625516206","0.0024016927927732468","19"
"dauntless-sweep-93","finished","","weird","2025-01-08T13:51:21.000Z","34","jp7d1e9a","vili","relu","169","20","32","2","0.0971464677843204","0.0003353639350583156","0.0003427786752581596","0.05580607429146767","19"
"misty-sweep-92","finished","","no-outliers","2025-01-08T13:46:34.000Z","278","jp7d1e9a","vili","tanh","156","20","95","7","0.006564544638644575","0.000033286504913121465","0.000028066496446293924","0.0034448218066245317","19"
"rare-sweep-91","finished","","no-outliers","2025-01-08T13:46:03.000Z","22","jp7d1e9a","vili","tanh","241","20","31","1","0.021743039778283225","0.000007409176129537324","0.000007664210123531223","0.0013662592973560097","19"
"fanciful-sweep-90","finished","","no-noise","2025-01-08T13:44:41.000Z","76","jp7d1e9a","vili","relu","109","20","23","7","0.04456469643292272","0.00026308116503059864","0.00026776835788041355","0.030317265540361404","19"
"efficient-sweep-89","finished","","no-noise","2025-01-08T13:43:24.000Z","70","jp7d1e9a","vili","relu","133","20","72","2","0.020847373401711295","0.000020685463484066227","0.000018831572378985584","0.000552138895727694","19"
"solar-sweep-88","finished","","no-noise, no-outliers","2025-01-08T13:41:36.000Z","99","jp7d1e9a","vili","relu","82","20","53","4","0.017602737079833397","0.00003406320970195035","0.00002727835468172197","0.0017338570905849338","19"
"mild-sweep-87","finished","","no-outliers","2025-01-08T13:39:22.000Z","127","jp7d1e9a","vili","relu","244","20","72","4","0.08689514979561411","0.000009843272079403202","0.000009927345286629877","0.0018791789188981056","19"
"light-sweep-86","finished","","no-noise","2025-01-08T13:37:14.000Z","121","jp7d1e9a","vili","tanh","243","20","88","3","0.06258427836107609","0.000005265096551738679","0.000005089903861517087","0.0011354228481650352","19"
"golden-sweep-85","finished","","","2025-01-08T13:36:33.000Z","34","jp7d1e9a","vili","relu","46","20","63","1","0.02794970663055725","0.000024676222916847716","0.000021584793794318104","0.0010592667385935783","19"
"wise-sweep-84","finished","","no-noise, no-outliers","2025-01-08T13:32:32.000Z","233","jp7d1e9a","vili","relu","72","20","86","6","0.01134648963459667","0.000047618318543148534","0.000023872398404498395","0.0029151160269975662","19"
"upbeat-sweep-83","finished","","no-outliers","2025-01-08T13:30:39.000Z","106","jp7d1e9a","vili","tanh","211","20","49","5","0.04049559207369829","0.00001817059412132949","0.000017574764738743754","0.0030425461009144783","19"
"tough-sweep-82","finished","","no-outliers","2025-01-08T13:25:15.000Z","317","jp7d1e9a","vili","relu","93","20","100","7","0.010274964181175442","0.000035929124957571425","0.000021288309904650367","0.002194678643718362","19"
"dry-sweep-81","finished","","","2025-01-08T13:24:44.000Z","24","jp7d1e9a","vili","relu","170","20","10","3","0.001853878775423706","0.000007627171192628642","0.000006315200662356801","0.0010398580925539136","19"
"silvery-sweep-80","finished","","no-noise","2025-01-08T13:23:22.000Z","74","jp7d1e9a","vili","relu","68","20","73","2","0.07012327931706647","0.00002044535824097693","0.000014352021826198324","0.0011137498077005148","19"
"genial-sweep-79","finished","","no-outliers","2025-01-08T13:22:51.000Z","26","jp7d1e9a","vili","relu","194","20","18","2","0.04686441523442101","0.000010019114221601436","0.000008987762473661956","0.0009552797419019045","19"
"pretty-sweep-78","finished","","no-outliers","2025-01-08T13:19:51.000Z","175","jp7d1e9a","vili","tanh","101","20","58","7","0.0007867901566766113","0.00001355221582343802","0.0000118290490115096","0.0008688472444191575","19"
"devoted-sweep-77","finished","","no-noise","2025-01-08T13:19:09.000Z","38","jp7d1e9a","vili","tanh","98","20","76","1","0.04560533061218995","0.00026038133228818575","0.00027074816869571806","0.022122299298644062","19"
"treasured-sweep-76","finished","","weird","2025-01-08T13:17:06.000Z","117","jp7d1e9a","vili","relu","41","20","52","5","0.08620633903921417","0.0012684853561222554","0.0013719063345342874","0.05395069345831871","19"
"crimson-sweep-75","finished","","no-noise, no-outliers","2025-01-08T13:16:40.000Z","20","jp7d1e9a","vili","relu","186","20","4","4","0.07822251715505167","0.000008885677962098271","0.000007314725305924602","0.00079005875159055","19"
"clear-sweep-74","finished","","no-noise","2025-01-08T13:14:37.000Z","116","jp7d1e9a","vili","tanh","184","20","48","6","0.05626159072261913","0.000015656415683527788","0.00001324185956036672","0.0019175566267222168","19"
"spring-sweep-73","finished","","no-noise","2025-01-08T13:13:09.000Z","81","jp7d1e9a","vili","tanh","118","20","82","2","0.00212177017488361","0.00003523805663765719","0.000032879940117709336","0.0033919820562005043","19"
"expert-sweep-72","finished","","no-outliers","2025-01-08T13:12:38.000Z","25","jp7d1e9a","vili","tanh","95","20","15","2","0.03891647443372035","0.000012799649557564407","0.000009963901782042744","0.0009088903898373246","19"
"efficient-sweep-71","finished","","","2025-01-08T13:10:40.000Z","111","jp7d1e9a","vili","tanh","81","20","73","3","0.014595630165044646","0.000012211045977892352","0.000010848773090401665","0.0007525464752689004","19"
"warm-sweep-70","finished","","no-outliers","2025-01-08T13:09:20.000Z","73","jp7d1e9a","vili","relu","214","20","42","4","0.001067592847424384","0.000005407367862062529","0.00000452874183583145","0.0009473533718846738","19"
"sunny-sweep-69","finished","","no-noise","2025-01-08T13:08:24.000Z","50","jp7d1e9a","vili","relu","47","20","15","5","0.048781208952200186","0.00004391062781602765","0.00003881589393131435","0.0017897385405376554","19"
"laced-sweep-68","finished","","","2025-01-08T13:05:34.000Z","164","jp7d1e9a","vili","relu","106","20","51","7","0.04555627639905592","0.00003146681255505731","0.00001875717513030395","0.002241459209471941","19"
"drawn-sweep-67","finished","","no-outliers","2025-01-08T13:04:17.000Z","72","jp7d1e9a","vili","relu","37","20","49","3","0.03637365370327769","0.00008462261913033823","0.00005367609245495115","0.002232601400464773","19"
"lucky-sweep-66","finished","","no-noise, no-outliers","2025-01-08T13:00:10.000Z","241","jp7d1e9a","vili","tanh","220","20","94","6","0.08758187669998521","0.00013071578616897264","0.0001317601730004546","0.025165896862745285","19"
"vague-sweep-65","finished","","no-outliers","2025-01-08T12:59:09.000Z","56","jp7d1e9a","vili","tanh","176","20","31","4","0.03524190810221496","0.000005734594305977225","0.00000541626885829775","0.0008696362492628396","19"
"earnest-sweep-64","finished","","no-noise, no-outliers","2025-01-08T12:57:36.000Z","22","jp7d1e9a","vili","relu","242","20","5","4","0.07458090459625692","0.00000723745683596159","0.000007184938896961253","0.0011844681575894356","19"
"pious-sweep-63","finished","","no-noise","2025-01-08T12:56:50.000Z","40","jp7d1e9a","vili","tanh","47","20","70","1","0.0913042542863313","0.000043285322608426216","0.00003985569986980408","0.0011059328680858016","19"
"pleasant-sweep-62","finished","","","2025-01-08T12:56:03.000Z","39","jp7d1e9a","vili","tanh","224","20","14","5","0.05417842987821539","0.000017285767244175075","0.000015751690370962023","0.003190785413607955","19"
"visionary-sweep-61","finished","","no-noise","2025-01-08T12:54:41.000Z","75","jp7d1e9a","vili","relu","92","20","75","2","0.05367510387547386","0.00003764513375548025","0.000032250462390948086","0.0029098493978381157","19"
"fiery-sweep-60","finished","","no-noise","2025-01-08T12:54:10.000Z","27","jp7d1e9a","vili","relu","192","20","7","5","0.051945321686110414","0.000027449580763156215","0.000029168665059842168","0.003859378630295396","19"
"spring-sweep-59","finished","","no-noise, no-outliers","2025-01-08T12:49:28.000Z","274","jp7d1e9a","vili","tanh","35","20","92","7","0.008587842654898259","0.00003278921052697115","0.00002199784345833451","0.0006217165500856936","19"
"azure-sweep-58","finished","","no-noise","2025-01-08T12:47:19.000Z","122","jp7d1e9a","vili","relu","68","20","40","7","0.09693395729716958","0.00007384946880241235","0.000048980666324496266","0.0039255511946976185","19"
"ancient-sweep-57","finished","","no-noise, no-outliers","2025-01-08T12:45:06.000Z","128","jp7d1e9a","vili","relu","208","20","71","4","0.09581185298701449","0.000012433122222622235","0.000009077107373239665","0.0016457006568089128","19"
"giddy-sweep-56","finished","","no-noise","2025-01-08T12:44:40.000Z","19","jp7d1e9a","vili","tanh","247","20","2","4","0.08691530420824055","0.000005998132692184299","0.0000056177814258262515","0.0012352893827483058","19"
"blooming-sweep-55","finished","","no-outliers","2025-01-08T12:43:23.000Z","69","jp7d1e9a","vili","relu","215","20","74","2","0.0540976551475554","0.0000573964579962194","0.00005988418112264388","0.006207600235939026","19"
"earnest-sweep-54","finished","","no-noise, no-outliers, weird","2025-01-08T12:39:52.000Z","203","jp7d1e9a","vili","tanh","107","20","66","7","0.09526229087750118","0.0005104869542022546","0.0005491523452557682","0.05278036743402481","19"
"denim-sweep-53","finished","","","2025-01-08T12:36:27.000Z","199","jp7d1e9a","vili","relu","169","20","92","5","0.05235300628991824","0.000027403437804120283","0.00001992508681723848","0.003268736181780696","19"
"vital-sweep-52","finished","","","2025-01-08T12:34:13.000Z","125","jp7d1e9a","vili","relu","76","20","78","3","0.04326640999584421","0.00001546342454579038","0.000013768245771643706","0.0008236721623688936","19"
"unique-sweep-51","finished","","no-noise","2025-01-08T12:31:54.000Z","135","jp7d1e9a","vili","relu","254","20","71","4","0.004778169475285192","0.000004321443896818285","0.000003694120459840633","0.0008457312360405922","19"
"deep-sweep-50","finished","","no-noise","2025-01-08T12:30:22.000Z","87","jp7d1e9a","vili","tanh","84","20","46","4","0.05116128174256422","0.000012404433364281431","0.000007987425269675442","0.0008214820991270244","19"
"flowing-sweep-49","finished","","no-noise","2025-01-08T12:27:58.000Z","139","jp7d1e9a","vili","relu","69","20","72","4","0.04207772616873008","0.000024762830968635777","0.000017174011954921298","0.0011984641896560788","19"
"polished-sweep-48","finished","","weird","2025-01-08T12:25:40.000Z","132","jp7d1e9a","vili","relu","201","20","69","4","0.08623381525633945","0.00025407079296807446","0.0002739941375330091","0.05419079959392547","19"
"deft-sweep-47","finished","","no-outliers","2025-01-08T12:24:48.000Z","45","jp7d1e9a","vili","tanh","173","20","12","7","0.03587287587969164","0.00000973249513966342","0.000009917466041560356","0.001284599071368575","19"
"young-sweep-46","finished","","no-noise","2025-01-08T12:23:31.000Z","71","jp7d1e9a","vili","tanh","125","20","49","3","0.04278190987928519","0.00001662203227169812","0.000013405475037870928","0.0019285278394818304","19"
"winter-sweep-45","finished","","","2025-01-08T12:23:05.000Z","21","jp7d1e9a","vili","tanh","82","20","1","2","0.04394760531727923","0.000037409734601775806","0.000037864581390749666","0.002718535019084811","19"
"splendid-sweep-44","finished","","no-noise, no-outliers","2025-01-08T12:22:39.000Z","17","jp7d1e9a","vili","tanh","243","20","7","2","0.08357540565414184","0.000005843683029524982","0.000005638015497258472","0.0009585392544977368","19"
"balmy-sweep-43","finished","","no-noise, no-outliers, weird","2025-01-08T12:21:32.000Z","61","jp7d1e9a","vili","relu","169","20","18","7","0.04292132664734122","0.0003424636119355758","0.0003532488689577548","0.05123206973075867","19"
"tough-sweep-42","finished","","no-outliers","2025-01-08T12:16:40.000Z","283","jp7d1e9a","vili","relu","200","20","97","6","0.0402296433802494","0.000006604612087054799","0.000007371514830590085","0.0016283199656754732","19"
"electric-sweep-41","finished","","weird","2025-01-08T12:14:21.000Z","133","jp7d1e9a","vili","tanh","124","20","51","6","0.06099537712010556","0.0004233661914865176","0.0004788837349042296","0.05450845509767532","19"
"worldly-sweep-40","finished","","no-noise, no-outliers","2025-01-08T12:13:35.000Z","38","jp7d1e9a","vili","tanh","44","20","3","5","0.030512901412851116","0.00008016073086764664","0.00007995403160536241","0.003435311373323202","19"
"clean-sweep-39","finished","","no-noise","2025-01-08T12:12:33.000Z","53","jp7d1e9a","vili","relu","199","20","64","2","0.06651864759010406","0.000046559537295252085","0.00004973700270056724","0.005306702107191086","19"
"avid-sweep-38","finished","","","2025-01-08T12:09:54.000Z","154","jp7d1e9a","vili","relu","43","20","64","6","0.027196355025143188","0.00012843308000204463","0.00009340653254184872","0.005176850128918886","19"
"exalted-sweep-37","finished","","no-outliers","2025-01-08T12:09:23.000Z","26","jp7d1e9a","vili","tanh","49","20","44","1","0.08073984981290842","0.00016217137027221422","0.00016085796159462365","0.007321699056774378","19"
"usual-sweep-36","finished","","no-noise","2025-01-08T12:08:16.000Z","61","jp7d1e9a","vili","tanh","128","20","45","3","0.028445110784891457","0.000015409575231994193","0.000013912223366787657","0.00100526784081012","19"
"logical-sweep-35","finished","","no-noise","2025-01-08T12:07:40.000Z","30","jp7d1e9a","vili","relu","140","20","27","2","0.0901133554717101","0.000013538656057789922","0.000010583269177004696","0.0015388401225209236","19"
"smart-sweep-34","finished","","no-outliers","2025-01-08T12:07:04.000Z","31","jp7d1e9a","vili","tanh","138","20","29","2","0.09912001830502708","0.00004504741751588881","0.000050635465522066986","0.005169829819351435","19"
"light-sweep-33","finished","","no-outliers","2025-01-08T12:06:33.000Z","25","jp7d1e9a","vili","relu","127","20","44","1","0.0010793515600848575","0.000011140815428613375","0.000008306945754407809","0.0010034076403826475","19"
"denim-sweep-32","finished","","no-outliers","2025-01-08T12:05:47.000Z","38","jp7d1e9a","vili","tanh","105","20","87","1","0.01320038279963648","0.0000247005297569558","0.000025545542414944903","0.002296477323397994","19"
"clear-sweep-31","finished","","","2025-01-08T12:01:51.000Z","229","jp7d1e9a","vili","tanh","150","20","71","7","0.019852855761512925","0.000025996192901705704","0.00002710197673877701","0.004167533945292234","19"
"rosy-sweep-30","finished","","no-outliers","2025-01-08T12:00:13.000Z","89","jp7d1e9a","vili","relu","85","20","54","4","0.039952256646626216","0.000028019666206091643","0.000020751217009613304","0.002016380662098527","19"
"worldly-sweep-29","finished","","no-noise, no-outliers","2025-01-08T11:58:41.000Z","88","jp7d1e9a","vili","relu","143","20","35","6","0.09777653114886128","0.000029314989612127343","0.000024629969567317387","0.0025032556150108576",""
"iconic-sweep-28","finished","","no-outliers, weird","2025-01-08T11:58:15.000Z","20","jp7d1e9a","vili","tanh","186","20","26","1","0.0946703594097618","0.00029676247698565323","0.0003652563195092609","0.05800199508666992",""
"smart-sweep-27","finished","","","2025-01-08T11:56:37.000Z","94","jp7d1e9a","vili","relu","85","20","30","7","0.010935634537539663","0.00008549020703261097","0.0000691572402138263","0.010327662341296673",""
"autumn-sweep-26","finished","","no-noise","2025-01-08T11:56:06.000Z","27","jp7d1e9a","vili","tanh","170","20","18","2","0.053024449719096464","0.000010159696491124729","0.000006947129877517","0.0011438739020377398",""
"misty-sweep-25","finished","","no-noise","2025-01-08T11:53:22.000Z","159","jp7d1e9a","vili","tanh","220","20","85","4","0.04655225634852669","0.0001430025991673271","0.00013480733148753642","0.02735835127532482",""
"magic-sweep-24","finished","","no-noise, no-outliers","2025-01-08T11:49:21.000Z","237","jp7d1e9a","vili","relu","196","20","80","7","0.059335199531921214","0.000006674081766201804","0.00000408805348781933","0.0009020018624141812",""
"comic-sweep-42","finished","","","2025-01-08T11:47:53.000Z","80","jp7d1e9a","vili","relu","49","20","78","2","0.013492891063140555","0.00009374464163556696","0.00008004250063095241","0.001771086361259222",""
"devout-sweep-41","finished","","no-noise","2025-01-08T11:47:07.000Z","38","jp7d1e9a","vili","tanh","163","20","10","7","0.03907967939739257","0.000030844270950183275","0.000026506739668548108","0.0031739636324346066",""
"leafy-sweep-40","finished","","no-outliers, weird","2025-01-08T11:45:35.000Z","86","jp7d1e9a","vili","relu","142","20","100","2","0.08167618967837871","0.0003802577747652928","0.0004324562482002243","0.05369935929775238",""
"earthy-sweep-39","finished","","no-outliers","2025-01-08T11:41:54.000Z","213","jp7d1e9a","vili","tanh","77","20","76","6","0.0486095746311092","0.000032149615387121835","0.000023605778290882746","0.001650388934649527",""
"smooth-sweep-38","finished","","no-outliers","2025-01-08T11:41:13.000Z","34","jp7d1e9a","vili","relu","64","20","9","5","0.012378594068086736","0.00012701486858228842","0.00016516068732904502","0.007182649802416563",""
"fearless-sweep-37","finished","","no-noise, no-outliers","2025-01-08T11:37:22.000Z","225","jp7d1e9a","vili","relu","206","20","98","5","0.0549413862829959","0.000014248053970125816","0.000013744616967475224","0.0010827084770426154",""
"proud-sweep-36","finished","","no-noise, no-outliers","2025-01-08T11:36:51.000Z","27","jp7d1e9a","vili","tanh","111","20","52","1","0.0918307816503012","0.0000291132292477414","0.000027448084978609092","0.004550345707684755",""
"lyric-sweep-35","finished","","","2025-01-08T11:35:34.000Z","72","jp7d1e9a","vili","relu","100","20","73","2","0.061821229848726574","0.000009628733532736078","0.000008796400798019023","0.0008514525834470987",""
"fluent-sweep-34","finished","","no-noise, no-outliers, weird","2025-01-08T11:34:17.000Z","69","jp7d1e9a","vili","tanh","52","20","71","2","0.04309088233542968","0.001007087603211403","0.0010649577791083712","0.058141760528087616",""
"fast-sweep-33","finished","","no-noise","2025-01-08T11:32:04.000Z","126","jp7d1e9a","vili","relu","105","20","68","4","0.04538290180764427","0.00003166645396656046","0.00002380342280957848","0.0006462063756771386",""
"swept-sweep-32","finished","","","2025-01-08T11:29:14.000Z","163","jp7d1e9a","vili","relu","48","20","86","4","0.07707779944930038","0.00037076133613785106","0.00036587061593309047","0.019075823947787285",""
"floral-sweep-31","finished","","","2025-01-08T11:28:33.000Z","32","jp7d1e9a","vili","relu","79","20","3","5","0.005797365031281376","0.00002224919890674452","0.000021568812371697277","0.001698159845545888",""
"good-sweep-30","finished","","no-noise","2025-01-08T11:28:07.000Z","21","jp7d1e9a","vili","tanh","240","20","16","2","0.025625111886317588","0.000004786506275801609","0.000003974581195507199","0.0009965325007215142",""
"different-sweep-29","finished","","no-outliers","2025-01-08T11:25:38.000Z","145","jp7d1e9a","vili","tanh","107","20","52","7","0.013885827509003853","0.000010743753179364527","0.000010197830419809574","0.0008716341690160334",""
"glorious-sweep-28","finished","","no-outliers","2025-01-08T11:25:02.000Z","28","jp7d1e9a","vili","tanh","59","20","16","2","0.029057016279835195","0.000022388244591032462","0.000016720118174028017","0.0011156444670632482",""
"deft-sweep-27","finished","","no-outliers, weird","2025-01-08T11:23:30.000Z","86","jp7d1e9a","vili","tanh","254","20","68","3","0.06284092298158808","0.0002116371567050616","0.00021669135209103791","0.053126491606235504",""
"copper-sweep-26","finished","","weird","2025-01-08T11:21:01.000Z","144","jp7d1e9a","vili","relu","166","20","64","6","0.01884522555852903","0.0003386520408093929","0.00034209658857434986","0.045059263706207275",""
"lucky-sweep-25","finished","","","2025-01-08T11:19:54.000Z","63","jp7d1e9a","vili","tanh","64","20","20","6","0.013647630407099633","0.00005235353931008528","0.00005336722213542089","0.0029353895224630833",""
"comic-sweep-24","finished","","no-noise","2025-01-08T11:18:27.000Z","80","jp7d1e9a","vili","relu","48","20","31","5","0.06298974826830107","0.000022072278710159784","0.00001569217514770571","0.0005493976641446352",""
"fallen-sweep-23","finished","","no-noise, no-outliers","2025-01-08T11:17:30.000Z","50","jp7d1e9a","vili","tanh","253","20","37","3","0.0639246153566149","0.000007338341189703594","0.000005544905164167878","0.0013429556274786592",""
"daily-sweep-22","finished","","","2025-01-08T11:16:02.000Z","83","jp7d1e9a","vili","tanh","103","20","62","3","0.005421213695723891","0.0000314321582360814","0.00002985192026244477","0.003361738985404372",""
"desert-sweep-21","finished","","no-noise, no-outliers, weird","2025-01-08T11:14:30.000Z","88","jp7d1e9a","vili","tanh","226","20","100","2","0.07594811658056627","0.0002548770761738221","0.00028299339194670913","0.052364692091941833",""
"happy-sweep-20","finished","","no-outliers, weird","2025-01-08T11:11:30.000Z","167","jp7d1e9a","vili","tanh","253","20","66","6","0.05634298678789524","0.00021203888580203055","0.00021659119415346444","0.054378725588321686",""
"leafy-sun-24","finished","","baseline","2025-01-08T10:48:09.000Z","405","","Henrys-MacBook-Pro.local","relu","64","20","64","3","0.0001","0.00001327941414353478","0.000014085422444622963","0.000915386073756963",""